{"stop_tol": 0.01, "kveg": 5, "zmax": 20, "topo": "plane", "soil": "Lev", "zseal": 20.0, "imodel": "richards", "batch_name": "Ks-3.0,p-5", "seed": 2, "ncol": 50, "etaB": 0.5, "p_range": 1, "grad_fV": 0.3, "isweed_flux": 0, "tsat_min": 0, "Lx": 50.0, "Ly": 20.0, "ksatV": 0.0008333333333333334, "sim_name": "grad_fV-0.3,nrow-20", "sigma_y": 1, "sigma_x": 1, "vegtype": "randv", "epsh": 0.0002, "vG": {"L": 0.5, "n": 1.47, "Ks": 3.0, "theta_r": 0.0378, "theta_s": 0.472, "alpha": 0.0096, "lambda": 0.47}, "tr": 50, "t_rain": 3000, "dt_p": 1000, "dt_r": 2.0, "ksatB": 8.333333333333334e-06, "print_count": 3, "KsB": 0.03, "scheme": "mann", "jveg": 36, "H_i": 0.0, "itype4": 1, "save_sve": 1, "mB": 0.6666666666666666, "iscale": 2000, "L_range": 1, "rain": 1.388888888888889e-05, "match_alpha": 0, "alphaB": 0.03, "KsV": 3.0, "dz": 1.0, "dx": 1.0, "alpha": 0.1, "fV": 0.5, "s_scale": 100, "ponding": 1, "kbare": 0, "Ks": 3.0, "nrow": 20, "base_name": "I_rational2", "jbare": 25, "So": 0.01, "sigma_scale": 1, "tmax": 3000, "m": 0.6666666666666666, "sigma": 1, "p": 5, "isweed_theta": 1, "eta": 0.5, "itype1": 0, "itype3": 1, "itype2": 1, "drainBC": "free", "dt_sw": 0.001, "tmax_scale": 1}